id,firstname,lastname,age
1, John, Doe, 29
2, Jane, Smith, 34
3, Michael, Johnson, 42
4, Emily, Davis, 23
5, David, Martinez, 35
6, Sarah, Wilson, 28
7, James, Anderson, 40
8, Linda, Thomas, 37
9, Robert, Taylor, 31
10, Patricia, Moore, 45
11, William, Jackson, 39
12, Elizabeth, White, 25
13, Joseph, Harris, 32
14, Mary, Clark, 41
15, Charles, Lewis, 48
16, Susan, Robinson, 38
17, Thomas, Walker, 27
18, Jessica, Young, 30
19, Daniel, Allen, 33
20, Karen, King, 44
21, Richard, Scott, 36
22, Nancy, Green, 50
23, Steven, Adams, 22
24, Margaret, Baker, 46
25, George, Gonzalez, 53
26, Deborah, Nelson, 24
27, Anthony, Carter, 29
28, Lisa, Mitchell, 26
29, Kenneth, Perez, 47
30, Dorothy, Roberts, 33
31, Paul, Turner, 51
32, Helen, Phillips, 29
33, Brian, Campbell, 58
34, Sandra, Parker, 43
35, Jason, Evans, 31
36, Carol, Edwards, 55
37, Gary, Collins, 40
38, Kathy, Stewart, 39
39, Ronald, Morris, 50
40, Cheryl, Rogers, 30
41, Mark, Reed, 38
42, Rachel, Cook, 27
43, Frank, Morgan, 32
44, Julie, Bell, 35
45, Steven, Cooper, 41
46, Donna, Murphy, 46
47, Raymond, Bailey, 52
48, Dorothy, Rivera, 22
49, Andrew, Ward, 34
50, Megan, Simmons, 41
51, Edward, Foster, 53
52, Laura, Graham, 23
53, Brian, Rogers, 31
54, Anna, Jenkins, 44
55, Donald, Pierce, 37
56, Justin, Hughes, 34
57, Catherine, Price, 36
58, Benjamin, Wood, 30
59, Maria, Bryant, 50
60, Steven, Bryant, 26
61, Lisa, Kennedy, 33
62, Timothy, Fisher, 59
63, Wendy, Patterson, 43
64, Samuel, Sanders, 27
65, Victoria, Morris, 45
66, Robert, Herrera, 40
67, Lauren, Alexander, 28
68, Patrick, Ward, 50
69, Shirley, Simmons, 31
70, Jason, Richards, 45
71, Gary, Lawrence, 39
72, Judy, Fox, 32
73, Gregory, Cook, 38
74, Denise, Evans, 36
75, Brian, Diaz, 29
76, Kelly, Reyes, 41
77, Charles, Hayes, 33
78, Raymond, Stewart, 46
79, Emily, Carter, 25
80, Dennis, Hunt, 31
81, Alice, Butler, 29
82, Jonathan, Graham, 37
83, Pamela, Griffin, 49
84, Walter, Coleman, 35
85, Erica, Rogers, 52
86, Monica, Price, 28
87, Nathan, Sanders, 40
88, Claire, Ortiz, 47
89, Matthew, Alexander, 41
90, Sara, Simpson, 44
91, Lucas, Patterson, 30
92, Angela, Hughes, 32
93, Martin, Cook, 51
94, Michelle, Lee, 25
95, Gary, Hill, 53
96, Benjamin, Stewart, 29
97, Charlotte, Alexander, 38
98, Trevor, Wright, 46
99, Olivia, Knight, 27
100, Joshua, Adams, 35